{
    "timestamp": "2025-04-21 21:25:02",
    "save_model_path": "model/PointNetPPUNet_13_n_re.pth",
    "model_params": {
        "model_type": "PointNetPPUNet",
        "emb_dim": 128,
        "output_dim": 128,
        "num_layers": 4,
        "num_points": 2048,
        "batch_size": 4
    },
    "loss_params": {
        "alpha": 1.0,
        "beta": 3.0,
        "gamma": 0.0001,
        "delta_v": 0.3,
        "delta_d": 1.5
    },
    "training": {
        "epochs": 80,
        "batch_size": 4,
        "max_points": 2048,
        "optimizer": "Adam",
        "learning_rate": 0.001,
        "reconstruction_head": false,
        "contrastive_loss": false,
        "lambda_recon": 0.1,
        "lambda_count": 0.1,
        "lambda_cos": 0.0,
        "contrastive_margin": 0.5
    },
    "loss_history": [
        0.9046465818046918,
        0.48349231678217197,
        0.3867988715014482,
        0.33116741213701706,
        0.2909161814578294,
        0.26789509522052585,
        0.24790325965070484,
        0.2257000395678324,
        0.22352721188501054,
        0.207188048338527,
        0.2046244068231982,
        0.1867723481984913,
        0.1895130689298441,
        0.1718484556425344,
        0.17129118568476687,
        0.16325772973486616,
        0.16069590132967168,
        0.14616172704940217,
        0.13955223362722674,
        0.12837394102840557,
        0.12675516047340057,
        0.12754220674334443,
        0.11752714090956952,
        0.11618557335988519,
        0.1052793538585532,
        0.10205931528495048,
        0.10324030607787486,
        0.09564247705647486,
        0.09503133488147694,
        0.08683931348174054,
        0.09604232937929594,
        0.08232121019231789,
        0.08124787338683145,
        0.08303094272345758,
        0.07755955797501929,
        0.07365945993265524,
        0.07427381033900425,
        0.0695711260680393,
        0.06340086927665824,
        0.06669719836811729,
        0.06833794345691573,
        0.06798483480978285,
        0.06829434903196725,
        0.06872973178849003,
        0.06004868599534186,
        0.05692436643001543,
        0.06619029201869735,
        0.05899377453240193,
        0.06519396031076835,
        0.062460152224311366,
        0.06204337014244671,
        0.06080621929111214,
        0.054611899521258576,
        0.05384533823500884,
        0.054179052299900256,
        0.05596832913313496,
        0.05471519181542666,
        0.049864520718282096,
        0.056494998873263445,
        0.053055444214644316,
        0.05248631354241731,
        0.0551663362444733,
        0.047768658625084885,
        0.05130320325786919,
        0.05350424899828388,
        0.04842781975420977,
        0.050125233888115524,
        0.05087158753096982,
        0.049926072132163844,
        0.049015402486595104,
        0.04961654337756525,
        0.05109479872812399,
        0.04580774069834633,
        0.05516869841654062,
        0.05015166971577227,
        0.046224801522221054,
        0.05011937578875326,
        0.04739356797122335,
        0.04716831692234438,
        0.043673300869800716
    ],
    "embedding_variance": [
        {
            "epoch": 10,
            "variance": 0.002012588083744049,
            "centroid_distance": {
                "min": 0.4044250707543347,
                "max": 0.5404505626883175,
                "mean": 0.4608237359054728,
                "std": 0.05791024223492776,
                "num_clusters": 3
            }
        },
        {
            "epoch": 20,
            "variance": 0.0013282394502311945,
            "centroid_distance": {
                "min": 0.3745908659877748,
                "max": 0.5671944087053806,
                "mean": 0.46688455600026746,
                "std": 0.07883410985556558,
                "num_clusters": 3
            }
        },
        {
            "epoch": 30,
            "variance": 0.0013104511890560389,
            "centroid_distance": {
                "min": 0.42835473288977954,
                "max": 0.42835473288977954,
                "mean": 0.42835473288977954,
                "std": 0.0,
                "num_clusters": 2
            }
        },
        {
            "epoch": 40,
            "variance": 0.00033656469895504415,
            "centroid_distance": {
                "min": 0.3041101408904618,
                "max": 0.3041101408904618,
                "mean": 0.3041101408904618,
                "std": 0.0,
                "num_clusters": 2
            }
        },
        {
            "epoch": 50,
            "variance": 0.000937523553147912,
            "centroid_distance": {
                "min": 0.2679098009116189,
                "max": 0.43305065342237675,
                "mean": 0.3311312186967233,
                "std": 0.07276000585643752,
                "num_clusters": 3
            }
        },
        {
            "epoch": 60,
            "variance": 0.0006225849501788616,
            "centroid_distance": {
                "min": 0.19407259726306572,
                "max": 0.19407259726306572,
                "mean": 0.19407259726306572,
                "std": 0.0,
                "num_clusters": 2
            }
        },
        {
            "epoch": 70,
            "variance": 0.0005643767071887851,
            "centroid_distance": {
                "min": 0.21077429598222314,
                "max": 0.49080251502270755,
                "mean": 0.3734569511605564,
                "std": 0.11873089952073766,
                "num_clusters": 3
            }
        },
        {
            "epoch": 80,
            "variance": 0.00046400900464504957,
            "centroid_distance": {
                "min": 0.21185681599446882,
                "max": 0.21185681599446882,
                "mean": 0.21185681599446882,
                "std": 0.0,
                "num_clusters": 2
            }
        }
    ]
}