{
    "timestamp": "2025-04-20 17:05:16",
    "save_model_path": "model/pointunet_02_n.pth",
    "model_params": {
        "model_type": "PointUNet",
        "emb_dim": 128,
        "output_dim": 128,
        "num_layers": 4,
        "num_points": 2048,
        "batch_size": 4
    },
    "loss_params": {
        "alpha": 1.0,
        "beta": 4.0,
        "gamma": 0.0001,
        "delta_v": 0.3,
        "delta_d": 2.0
    },
    "training": {
        "epochs": 50,
        "batch_size": 4,
        "max_points": 2048,
        "optimizer": "Adam",
        "learning_rate": 0.001,
        "reconstruction_head": false,
        "contrastive_loss": false,
        "lambda_recon": 0.1,
        "lambda_cos": 0.0,
        "contrastive_margin": 0.5
    },
    "loss_history": [
        5.7315341786760365,
        0.4766663392901723,
        0.16818379259048985,
        0.4236730503551851,
        0.13834451988036864,
        0.08322561935989688,
        0.10723757855405057,
        0.10518381329546422,
        0.13204108464158126,
        0.09353446836588043,
        0.09319340700501112,
        0.07950549119809255,
        0.0745711892578505,
        0.060169070940181084,
        0.062056579310352425,
        0.051645445840688524,
        0.05009947004278904,
        0.07252614134875349,
        0.0619099580205334,
        0.05355117046439708,
        0.04998064536582395,
        0.05062171212648075,
        0.05934690027899549,
        0.049222795557476544,
        0.3449532007373075,
        0.27179035289109055,
        0.1170889136055248,
        0.0943732885312913,
        0.14109918875099742,
        0.08867112577415359,
        0.07585256858752464,
        0.0603938436012734,
        0.0642369821062548,
        0.06115856699569879,
        0.06077464005252734,
        0.054876550880785524,
        0.05809954303283679,
        0.05610302549214835,
        0.052594914616364515,
        0.04916269511816465,
        0.04608074122765645,
        0.052947712466498924,
        0.049797105182170266,
        0.07277030973378475,
        0.05822455408382537,
        0.05848585010558215,
        0.07287921643990854,
        0.05376980198443238,
        0.044941730305628126,
        0.04566163046824448
    ],
    "embedding_variance": [
        {
            "epoch": 10,
            "variance": 3.828464832622558e-05,
            "centroid_distance": {
                "min": 0.06363573013409264,
                "max": 0.06363573013409264,
                "mean": 0.06363573013409264,
                "std": 0.0,
                "num_clusters": 2
            }
        },
        {
            "epoch": 20,
            "variance": 9.894282993627712e-05,
            "centroid_distance": {
                "min": 0.0,
                "max": 0.0,
                "mean": 0.0,
                "std": 0.0,
                "num_clusters": 1
            }
        },
        {
            "epoch": 30,
            "variance": 0.00023777701426297426,
            "centroid_distance": {
                "min": 0.17692069111127992,
                "max": 0.2900988745945478,
                "mean": 0.2339596207979926,
                "std": 0.038418400646496625,
                "num_clusters": 4
            }
        },
        {
            "epoch": 40,
            "variance": 2.8206373826833442e-05,
            "centroid_distance": {
                "min": 0.06175276535385637,
                "max": 0.06175276535385637,
                "mean": 0.06175276535385637,
                "std": 0.0,
                "num_clusters": 2
            }
        },
        {
            "epoch": 50,
            "variance": 0.0009924531914293766,
            "centroid_distance": {
                "min": 0.35765278032747005,
                "max": 0.35765278032747005,
                "mean": 0.35765278032747005,
                "std": 0.0,
                "num_clusters": 2
            }
        }
    ]
}