{
    "timestamp": "2025-04-18 19:15:42",
    "save_model_path": "model/pointnetpp_unet_11_n.pth",
    "loss_params": {
        "alpha": 1.0,
        "beta": 3.0,
        "gamma": 0.0001,
        "delta_v": 0.3,
        "delta_d": 1.5
    },
    "training": {
        "epochs": 50,
        "batch_size": 4,
        "max_points": 2048,
        "optimizer": "Adam",
        "learning_rate": 0.001,
        "reconstruction_head": false,
        "contrastive_loss": false,
        "lambda_recon": 0.1,
        "lambda_cos": 0.0,
        "contrastive_margin": 0.5
    },
    "loss_history": [
        0.6715280041476797,
        0.2926635516779072,
        0.26023652574737666,
        0.21717854925823696,
        0.17635962854938458,
        0.13902796398337722,
        0.11556297566193312,
        0.0870921984409469,
        0.06954282095778715,
        0.05614861451221753,
        0.05008839891022686,
        0.055178477963063924,
        0.04227215508802742,
        0.03625642003368605,
        0.033424859663216296,
        0.028550346968175492,
        0.03369536857371252,
        0.024599008347252906,
        0.021054033256197337,
        0.02540524813067641,
        0.02600897417928513,
        0.01918402825231631,
        0.017205069512885234,
        0.013582766219160429,
        0.012890131899444055,
        0.010153751336936342,
        0.011499474957339504,
        0.01758911862595924,
        0.009456570602972345,
        0.010217316733521935,
        0.008248046935219223,
        0.008366546123217659,
        0.015649516937951677,
        0.010997858565054872,
        0.012123188896218154,
        0.009593436698935132,
        0.00913879745238021,
        0.007843838603978004,
        0.007600207473884152,
        0.016430443787455635,
        0.009244753956690733,
        0.009982727582656264,
        0.007752848599994849,
        0.008020700240356442,
        0.006548805948261758,
        0.006055227050623918,
        0.00926666619223046,
        0.011915364062772865,
        0.010652942873707731,
        0.006907833229542384
    ],
    "embedding_variance": [
        {
            "epoch": 10,
            "variance": 0.005572974681854248,
            "centroid_distance": {
                "min": 0.6144182773293491,
                "max": 0.6144182773293491,
                "mean": 0.6144182773293491,
                "std": 0.0,
                "num_clusters": 2
            }
        },
        {
            "epoch": 20,
            "variance": 0.0027370527386665344,
            "centroid_distance": {
                "min": 0.5157920274965663,
                "max": 0.5157920274965663,
                "mean": 0.5157920274965663,
                "std": 0.0,
                "num_clusters": 2
            }
        },
        {
            "epoch": 30,
            "variance": 0.004355495795607567,
            "centroid_distance": {
                "min": 0.5656005917060349,
                "max": 1.0798137455032015,
                "mean": 0.7599865434451131,
                "std": 0.17807054227723992,
                "num_clusters": 5
            }
        },
        {
            "epoch": 40,
            "variance": 0.003140556626021862,
            "centroid_distance": {
                "min": 0.4782204024109027,
                "max": 0.9933602383668596,
                "mean": 0.682314179618734,
                "std": 0.16891280911168052,
                "num_clusters": 5
            }
        },
        {
            "epoch": 50,
            "variance": 0.0034187249839305878,
            "centroid_distance": {
                "min": 0.5513928889474707,
                "max": 0.8760602492769548,
                "mean": 0.6646703059656834,
                "std": 0.11759366915519912,
                "num_clusters": 4
            }
        }
    ]
}