{
    "timestamp": "2025-04-21 19:39:38",
    "save_model_path": "model/PointNetPPUNet_12_n_re.pth",
    "model_params": {
        "model_type": "PointNetPPUNet",
        "emb_dim": 128,
        "output_dim": 128,
        "num_layers": 4,
        "num_points": 2048,
        "batch_size": 4
    },
    "loss_params": {
        "alpha": 1.0,
        "beta": 4.0,
        "gamma": 0.0001,
        "delta_v": 0.3,
        "delta_d": 2.0
    },
    "training": {
        "epochs": 50,
        "batch_size": 4,
        "max_points": 2048,
        "optimizer": "Adam",
        "learning_rate": 0.001,
        "reconstruction_head": false,
        "contrastive_loss": false,
        "lambda_recon": 0.1,
        "lambda_count": 0.1,
        "lambda_cos": 0.0,
        "contrastive_margin": 0.5
    },
    "loss_history": [
        1.506381182198597,
        0.6426225165425218,
        0.5511514994547452,
        0.5099432266454407,
        0.4987882867379842,
        0.46803075521427967,
        0.4360010969608568,
        0.4197327351660898,
        0.37917180283723145,
        0.35542068951928674,
        0.32539670910629526,
        0.29956375535218244,
        0.24303862399558732,
        0.24605826517273932,
        0.22517240153351412,
        0.19390715840201692,
        0.18220894413097255,
        0.17674136740453353,
        0.15715289391993267,
        0.14237639525441953,
        0.14667394568169784,
        0.1362179568992351,
        0.12816688738914614,
        0.13050975833976936,
        0.11950522972280302,
        0.11558064589570016,
        0.12686739245968573,
        0.10145284651972467,
        0.1047619589070227,
        0.10544139212517417,
        0.11074384270699193,
        0.11480502147927199,
        0.10490696683412579,
        0.09944594941730729,
        0.10426785081606074,
        0.1132414777512629,
        0.08820397009704319,
        0.08723665361155562,
        0.08396068674412929,
        0.09016829082354676,
        0.0878229417701058,
        0.08447145285831793,
        0.08496891837188889,
        0.07850514035104646,
        0.07212703280756014,
        0.08037607688078571,
        0.07466540539987045,
        0.07417532397897413,
        0.06633454086589934,
        0.08572255412523214
    ],
    "embedding_variance": [
        {
            "epoch": 10,
            "variance": 0.005376698449254036,
            "centroid_distance": {
                "min": 1.0154252220577344,
                "max": 1.0154252220577344,
                "mean": 1.0154252220577344,
                "std": 0.0,
                "num_clusters": 2
            }
        },
        {
            "epoch": 20,
            "variance": 0.005368055775761604,
            "centroid_distance": {
                "min": 0.5243405376137092,
                "max": 1.4027904825300763,
                "mean": 0.9612683247445404,
                "std": 0.30953731703097925,
                "num_clusters": 5
            }
        },
        {
            "epoch": 30,
            "variance": 0.004992382600903511,
            "centroid_distance": {
                "min": 0.45119965914872057,
                "max": 1.4996369050239442,
                "mean": 0.9093487690961872,
                "std": 0.3808516329004678,
                "num_clusters": 5
            }
        },
        {
            "epoch": 40,
            "variance": 0.002227376215159893,
            "centroid_distance": {
                "min": 0.4863051700040024,
                "max": 0.8878800193617672,
                "mean": 0.6427332153417996,
                "std": 0.1323850915384314,
                "num_clusters": 6
            }
        },
        {
            "epoch": 50,
            "variance": 0.0011261245235800743,
            "centroid_distance": {
                "min": 0.48608455619411783,
                "max": 0.48608455619411783,
                "mean": 0.48608455619411783,
                "std": 0.0,
                "num_clusters": 2
            }
        }
    ]
}