{
    "timestamp": "2025-04-19 13:18:53",
    "save_model_path": "model/pointnetpp_unet_11_n.pth",
    "model_params": {
        "emb_dim": 128,
        "output_dim": 128,
        "num_layers": 4,
        "num_points": 2048,
        "batch_size": 4
    },
    "loss_params": {
        "alpha": 1.0,
        "beta": 4.0,
        "gamma": 0.0001,
        "delta_v": 0.3,
        "delta_d": 2.0
    },
    "training": {
        "epochs": 50,
        "batch_size": 4,
        "max_points": 2048,
        "optimizer": "Adam",
        "learning_rate": 0.001,
        "reconstruction_head": false,
        "contrastive_loss": false,
        "lambda_recon": 0.1,
        "lambda_cos": 0.0,
        "contrastive_margin": 0.5
    },
    "loss_history": [
        0.9773115975602629,
        0.349269295555686,
        0.25829425537344164,
        0.23000843361549572,
        0.21161393110219598,
        0.19227208847624397,
        0.17565770651483295,
        0.18454773447991626,
        0.15750871523080137,
        0.1403743931219965,
        0.1310661152988521,
        0.12287305093129275,
        0.11517831668030792,
        0.09207383838250552,
        0.08120350544411821,
        0.07054731024779039,
        0.06504884355602228,
        0.05666820990479537,
        0.053539948594676055,
        0.0499707570271141,
        0.044031869591719605,
        0.04721959820253595,
        0.047240774407226425,
        0.039600290717358516,
        0.044464682134312726,
        0.0435872907197188,
        0.03677235855271822,
        0.028922089933403554,
        0.02735776990784455,
        0.028239957321681046,
        0.02676058041527489,
        0.029923160692799818,
        0.02675310952049978,
        0.029203769642160024,
        0.024495354165715463,
        0.020343751594575528,
        0.02325976490596224,
        0.022583359081846506,
        0.018468825725677807,
        0.023148464703185455,
        0.021322518338917323,
        0.014147715640684523,
        0.016097506978619978,
        0.01662230189312911,
        0.013829789318257782,
        0.014055840706518913,
        0.0168065804099371,
        0.013049762925312755,
        0.01267793647907107,
        0.010453383424106589
    ],
    "embedding_variance": [
        {
            "epoch": 10,
            "variance": 0.005176374223083258,
            "centroid_distance": {
                "min": 1.2255006850070647,
                "max": 1.2255006850070647,
                "mean": 1.2255006850070647,
                "std": 0.0,
                "num_clusters": 2
            }
        },
        {
            "epoch": 20,
            "variance": 0.0033643210772424936,
            "centroid_distance": {
                "min": 0.5580481017120722,
                "max": 1.0973651940660836,
                "mean": 0.8401846221564006,
                "std": 0.19752926840168625,
                "num_clusters": 4
            }
        },
        {
            "epoch": 30,
            "variance": 0.0019045848166570067,
            "centroid_distance": {
                "min": 0.5327835542113312,
                "max": 0.9493525366539055,
                "mean": 0.655228764518669,
                "std": 0.14465033686928236,
                "num_clusters": 4
            }
        },
        {
            "epoch": 40,
            "variance": 0.0024336338974535465,
            "centroid_distance": {
                "min": 0.6362431271337406,
                "max": 1.1374322087102058,
                "mean": 0.8671838785341789,
                "std": 0.1405705230793976,
                "num_clusters": 5
            }
        },
        {
            "epoch": 50,
            "variance": 0.0016420412575826049,
            "centroid_distance": {
                "min": 0.5110912324317146,
                "max": 0.9597618351878628,
                "mean": 0.6628699130648242,
                "std": 0.14211193143439524,
                "num_clusters": 4
            }
        }
    ]
}